title,description
task csv, task importada por csv 
task csv, task importada por csv 
task csv, task importada por csv 
task csv, task importada por csv 
task csv, task importada por csv 
task csv, task importada por csv 
task csv, task importada por csv 
task csv, task importada por csv 
task csv, task importada por csv 
task csv, task importada por csv 
task csv, task importada por csv 
task csv, task importada por csv 
task csv, task importada por csv 
task csv, task importada por csv 
task csv, task importada por csv 
task csv, task importada por csv 
task csv, task importada por csv 
task csv, task importada por csv 
task csv, task importada por csv 
task csv, task importada por csv 
task csv, task importada por csv 
task csv, task importada por csv 
task csv, task importada por csv 
task csv, task importada por csv 
task csv, task importada por csv 
task csv, task importada por csv 
task csv, task importada por csv 
task csv, task importada por csv 
task csv, task importada por csv 
task csv, task importada por csv 
task csv, task importada por csv 
task csv, task importada por csv 
task csv, task importada por csv 
task csv, task importada por csv 
task csv, task importada por csv 
task csv, task importada por csv 
task csv, task importada por csv 
task csv, task importada por csv 
task csv, task importada por csv 
task csv, task importada por csv 
task csv, task importada por csv 
task csv, task importada por csv 
task csv, task importada por csv 
task csv, task importada por csv 
task csv, task importada por csv 
task csv, task importada por csv 
task csv, task importada por csv 
task csv, task importada por csv 
task csv, task importada por csv 
task csv, task importada por csv 
task csv, task importada por csv 
task csv, task importada por csv 
task csv, task importada por csv 
task csv, task importada por csv 
task csv, task importada por csv 
task csv, task importada por csv 
task csv, task importada por csv 
task csv, task importada por csv 
task csv, task importada por csv 
task csv, task importada por csv 
task csv, task importada por csv 
task csv, task importada por csv 
task csv, task importada por csv 
task csv, task importada por csv 
task csv, task importada por csv 
task csv, task importada por csv 
task csv, task importada por csv 
task csv, task importada por csv 
task csv, task importada por csv 
task csv, task importada por csv 
task csv, task importada por csv 
task csv, task importada por csv 
task csv, task importada por csv 
task csv, task importada por csv 
task csv, task importada por csv 
task csv, task importada por csv 
task csv, task importada por csv 
task csv, task importada por csv 
task csv, task importada por csv 
task csv, task importada por csv 
task csv, task importada por csv 
task csv, task importada por csv 
task csv, task importada por csv 
task csv, task importada por csv 
task csv, task importada por csv 
task csv, task importada por csv 
task csv, task importada por csv 
task csv, task importada por csv 
task csv, task importada por csv 
task csv, task importada por csv 
task csv, task importada por csv 
task csv, task importada por csv 
task csv, task importada por csv 
task csv, task importada por csv 
task csv, task importada por csv 
task csv, task importada por csv 
task csv, task importada por csv 
task csv, task importada por csv 
task csv, task importada por csv 
task csv, task importada por csv 
task csv, task importada por csv 
task csv, task importada por csv 
task csv, task importada por csv 
task csv, task importada por csv 
task csv, task importada por csv 
task csv, task importada por csv 
task csv, task importada por csv 
task csv, task importada por csv 
task csv, task importada por csv 
task csv, task importada por csv 
task csv, task importada por csv 
task csv, task importada por csv 
task csv, task importada por csv 
task csv, task importada por csv 
task csv, task importada por csv 
task csv, task importada por csv 
task csv, task importada por csv 
task csv, task importada por csv 
task csv, task importada por csv 
task csv, task importada por csv 
task csv, task importada por csv 
task csv, task importada por csv 
task csv, task importada por csv 
task csv, task importada por csv 
task csv, task importada por csv 
task csv, task importada por csv 
task csv, task importada por csv 
task csv, task importada por csv 
task csv, task importada por csv 
task csv, task importada por csv 
task csv, task importada por csv 
task csv, task importada por csv 
task csv, task importada por csv 
task csv, task importada por csv 
task csv, task importada por csv 
task csv, task importada por csv 
task csv, task importada por csv 
task csv, task importada por csv 
task csv, task importada por csv 
task csv, task importada por csv 
task csv, task importada por csv 
task csv, task importada por csv 
task csv, task importada por csv 
task csv, task importada por csv 
task csv, task importada por csv 
task csv, task importada por csv 
task csv, task importada por csv 
task csv, task importada por csv 
task csv, task importada por csv 
task csv, task importada por csv 
task csv, task importada por csv 
task csv, task importada por csv 
task csv, task importada por csv 
task csv, task importada por csv 
task csv, task importada por csv 
task csv, task importada por csv 
task csv, task importada por csv 
task csv, task importada por csv 
task csv, task importada por csv 
task csv, task importada por csv 
task csv, task importada por csv 
task csv, task importada por csv 
task csv, task importada por csv 
task csv, task importada por csv 
task csv, task importada por csv 
task csv, task importada por csv 
task csv, task importada por csv 
task csv, task importada por csv 
task csv, task importada por csv 
task csv, task importada por csv 
task csv, task importada por csv 
task csv, task importada por csv 
task csv, task importada por csv 
task csv, task importada por csv 
task csv, task importada por csv 
task csv, task importada por csv 
task csv, task importada por csv 
task csv, task importada por csv 
task csv, task importada por csv 
task csv, task importada por csv 
task csv, task importada por csv 
task csv, task importada por csv 
task csv, task importada por csv 
task csv, task importada por csv 
task csv, task importada por csv 
task csv, task importada por csv 
task csv, task importada por csv 
task csv, task importada por csv 
task csv, task importada por csv 
task csv, task importada por csv 
task csv, task importada por csv 
task csv, task importada por csv 
task csv, task importada por csv 
task csv, task importada por csv 
task csv, task importada por csv 
task csv, task importada por csv 
task csv, task importada por csv 
task csv, task importada por csv 
task csv, task importada por csv 
task csv, task importada por csv 
task csv, task importada por csv 
task csv, task importada por csv 
task csv, task importada por csv 
task csv, task importada por csv 
task csv, task importada por csv 
task csv, task importada por csv 
task csv, task importada por csv 
task csv, task importada por csv 
task csv, task importada por csv 
task csv, task importada por csv 
task csv, task importada por csv 
task csv, task importada por csv 
task csv, task importada por csv 
task csv, task importada por csv 
task csv, task importada por csv 
task csv, task importada por csv 
task csv, task importada por csv 
task csv, task importada por csv 
task csv, task importada por csv 
task csv, task importada por csv 
task csv, task importada por csv 
task csv, task importada por csv 
task csv, task importada por csv 
task csv, task importada por csv 
task csv, task importada por csv 
task csv, task importada por csv 
task csv, task importada por csv 
task csv, task importada por csv 
task csv, task importada por csv 
task csv, task importada por csv 
task csv, task importada por csv 
task csv, task importada por csv 
task csv, task importada por csv 
task csv, task importada por csv 
task csv, task importada por csv 
task csv, task importada por csv 
task csv, task importada por csv 
task csv, task importada por csv 
task csv, task importada por csv 
task csv, task importada por csv 
task csv, task importada por csv 
task csv, task importada por csv 
task csv, task importada por csv 
task csv, task importada por csv 
task csv, task importada por csv 
task csv, task importada por csv 
task csv, task importada por csv 
task csv, task importada por csv 
task csv, task importada por csv 
task csv, task importada por csv 
task csv, task importada por csv 
task csv, task importada por csv 
task csv, task importada por csv 
task csv, task importada por csv 
task csv, task importada por csv 
task csv, task importada por csv 
task csv, task importada por csv 
task csv, task importada por csv 
task csv, task importada por csv 
task csv, task importada por csv 
task csv, task importada por csv 
task csv, task importada por csv 
task csv, task importada por csv 
task csv, task importada por csv 
task csv, task importada por csv 
task csv, task importada por csv 
task csv, task importada por csv 
task csv, task importada por csv 
task csv, task importada por csv 
task csv, task importada por csv 
task csv, task importada por csv 
task csv, task importada por csv 
task csv, task importada por csv 
task csv, task importada por csv 
task csv, task importada por csv 
task csv, task importada por csv 
task csv, task importada por csv 
task csv, task importada por csv 
task csv, task importada por csv 
task csv, task importada por csv 
task csv, task importada por csv 
task csv, task importada por csv 
task csv, task importada por csv 
task csv, task importada por csv 
task csv, task importada por csv 
task csv, task importada por csv 
task csv, task importada por csv 
task csv, task importada por csv 
task csv, task importada por csv 
task csv, task importada por csv 
task csv, task importada por csv 
task csv, task importada por csv 
task csv, task importada por csv 
task csv, task importada por csv 
task csv, task importada por csv 
task csv, task importada por csv 
task csv, task importada por csv 
task csv, task importada por csv 
task csv, task importada por csv 
task csv, task importada por csv 
task csv, task importada por csv 
task csv, task importada por csv 
task csv, task importada por csv 
task csv, task importada por csv 
task csv, task importada por csv 
task csv, task importada por csv 
task csv, task importada por csv 
task csv, task importada por csv 
task csv, task importada por csv 
task csv, task importada por csv 
task csv, task importada por csv 
task csv, task importada por csv 
task csv, task importada por csv 
task csv, task importada por csv 
task csv, task importada por csv 
task csv, task importada por csv 
task csv, task importada por csv 
task csv, task importada por csv 
task csv, task importada por csv 
task csv, task importada por csv 
task csv, task importada por csv 
task csv, task importada por csv 
task csv, task importada por csv 
task csv, task importada por csv 
task csv, task importada por csv 
task csv, task importada por csv 
task csv, task importada por csv 
task csv, task importada por csv 
task csv, task importada por csv 
task csv, task importada por csv 
task csv, task importada por csv 
task csv, task importada por csv 
task csv, task importada por csv 
task csv, task importada por csv 
task csv, task importada por csv 
task csv, task importada por csv 
task csv, task importada por csv 
task csv, task importada por csv 
task csv, task importada por csv 
task csv, task importada por csv 
task csv, task importada por csv 
task csv, task importada por csv 
task csv, task importada por csv 
task csv, task importada por csv 
task csv, task importada por csv 
task csv, task importada por csv 
task csv, task importada por csv 
task csv, task importada por csv 
task csv, task importada por csv 
task csv, task importada por csv 
task csv, task importada por csv 
task csv, task importada por csv 
task csv, task importada por csv 
task csv, task importada por csv 
task csv, task importada por csv 
task csv, task importada por csv 
task csv, task importada por csv 
task csv, task importada por csv 
task csv, task importada por csv 
task csv, task importada por csv 
task csv, task importada por csv 
task csv, task importada por csv 
task csv, task importada por csv 
task csv, task importada por csv 
task csv, task importada por csv 
task csv, task importada por csv 
task csv, task importada por csv 
task csv, task importada por csv 
task csv, task importada por csv 
task csv, task importada por csv 
task csv, task importada por csv 
task csv, task importada por csv 
task csv, task importada por csv 
task csv, task importada por csv 
task csv, task importada por csv 
task csv, task importada por csv 
task csv, task importada por csv 
task csv, task importada por csv 
task csv, task importada por csv 
task csv, task importada por csv 
task csv, task importada por csv 
task csv, task importada por csv 
task csv, task importada por csv 
task csv, task importada por csv 
task csv, task importada por csv 
task csv, task importada por csv 
task csv, task importada por csv 
task csv, task importada por csv 
task csv, task importada por csv 
task csv, task importada por csv 
task csv, task importada por csv 
task csv, task importada por csv 
task csv, task importada por csv 
task csv, task importada por csv 
task csv, task importada por csv 
task csv, task importada por csv 
task csv, task importada por csv 
task csv, task importada por csv 
task csv, task importada por csv 
task csv, task importada por csv 
task csv, task importada por csv 
task csv, task importada por csv 
task csv, task importada por csv 
task csv, task importada por csv 
task csv, task importada por csv 
task csv, task importada por csv 
task csv, task importada por csv 
task csv, task importada por csv 
task csv, task importada por csv 
task csv, task importada por csv 
task csv, task importada por csv 
task csv, task importada por csv 
task csv, task importada por csv 
task csv, task importada por csv 
task csv, task importada por csv 
task csv, task importada por csv 
task csv, task importada por csv 
task csv, task importada por csv 
task csv, task importada por csv 
task csv, task importada por csv 
task csv, task importada por csv 
task csv, task importada por csv 
task csv, task importada por csv 
task csv, task importada por csv 
task csv, task importada por csv 
task csv, task importada por csv 
task csv, task importada por csv 
task csv, task importada por csv 
task csv, task importada por csv 
task csv, task importada por csv 
task csv, task importada por csv 
task csv, task importada por csv 
task csv, task importada por csv 
task csv, task importada por csv 
task csv, task importada por csv 
task csv, task importada por csv 
task csv, task importada por csv 
task csv, task importada por csv 
task csv, task importada por csv 
task csv, task importada por csv 
task csv, task importada por csv 
task csv, task importada por csv 
task csv, task importada por csv 
task csv, task importada por csv 
task csv, task importada por csv 
task csv, task importada por csv 
task csv, task importada por csv 
task csv, task importada por csv 
task csv, task importada por csv 
task csv, task importada por csv 
task csv, task importada por csv 
task csv, task importada por csv 
task csv, task importada por csv 
task csv, task importada por csv 
task csv, task importada por csv 
task csv, task importada por csv 
task csv, task importada por csv 
task csv, task importada por csv 
task csv, task importada por csv 
task csv, task importada por csv 
task csv, task importada por csv 
task csv, task importada por csv 
task csv, task importada por csv 
task csv, task importada por csv 
task csv, task importada por csv 
task csv, task importada por csv 
task csv, task importada por csv 
task csv, task importada por csv 
task csv, task importada por csv 
task csv, task importada por csv 
task csv, task importada por csv 
task csv, task importada por csv 
task csv, task importada por csv 
task csv, task importada por csv 
task csv, task importada por csv 
task csv, task importada por csv 
task csv, task importada por csv 
task csv, task importada por csv 
task csv, task importada por csv 
task csv, task importada por csv 
task csv, task importada por csv 
task csv, task importada por csv 
task csv, task importada por csv 
task csv, task importada por csv 
task csv, task importada por csv 
task csv, task importada por csv 
task csv, task importada por csv 
task csv, task importada por csv 
task csv, task importada por csv 
task csv, task importada por csv 
task csv, task importada por csv 
task csv, task importada por csv 
task csv, task importada por csv 
task csv, task importada por csv 
task csv, task importada por csv 
task csv, task importada por csv 
task csv, task importada por csv 
task csv, task importada por csv 
task csv, task importada por csv 
task csv, task importada por csv 
task csv, task importada por csv 
task csv, task importada por csv 
task csv, task importada por csv 
task csv, task importada por csv 
task csv, task importada por csv 
task csv, task importada por csv 
task csv, task importada por csv 
task csv, task importada por csv 
task csv, task importada por csv 
task csv, task importada por csv 
task csv, task importada por csv 
task csv, task importada por csv 
task csv, task importada por csv 
task csv, task importada por csv 
task csv, task importada por csv 
task csv, task importada por csv 
task csv, task importada por csv 
task csv, task importada por csv 
task csv, task importada por csv 
task csv, task importada por csv 
task csv, task importada por csv 
task csv, task importada por csv 
task csv, task importada por csv 
task csv, task importada por csv 
task csv, task importada por csv 
task csv, task importada por csv 
task csv, task importada por csv 
task csv, task importada por csv 
task csv, task importada por csv 
task csv, task importada por csv 
task csv, task importada por csv 
task csv, task importada por csv 
task csv, task importada por csv 
task csv, task importada por csv 
task csv, task importada por csv 
task csv, task importada por csv 
task csv, task importada por csv 
task csv, task importada por csv 
task csv, task importada por csv 
task csv, task importada por csv 
task csv, task importada por csv 
task csv, task importada por csv 
task csv, task importada por csv 
task csv, task importada por csv 
task csv, task importada por csv 
task csv, task importada por csv 
task csv, task importada por csv 
task csv, task importada por csv 
task csv, task importada por csv 
task csv, task importada por csv 
task csv, task importada por csv 
task csv, task importada por csv 
task csv, task importada por csv 
task csv, task importada por csv 
task csv, task importada por csv 
task csv, task importada por csv 
task csv, task importada por csv 
task csv, task importada por csv 
task csv, task importada por csv 
task csv, task importada por csv 
task csv, task importada por csv 
task csv, task importada por csv 
task csv, task importada por csv 
task csv, task importada por csv 
task csv, task importada por csv 
task csv, task importada por csv 
task csv, task importada por csv 
task csv, task importada por csv 
task csv, task importada por csv 
task csv, task importada por csv 
task csv, task importada por csv 
task csv, task importada por csv 
task csv, task importada por csv 
task csv, task importada por csv 
task csv, task importada por csv 
task csv, task importada por csv 
task csv, task importada por csv 
task csv, task importada por csv 
task csv, task importada por csv 
task csv, task importada por csv 
task csv, task importada por csv 
task csv, task importada por csv 
task csv, task importada por csv 
task csv, task importada por csv 
task csv, task importada por csv 
task csv, task importada por csv 
task csv, task importada por csv 
task csv, task importada por csv 
task csv, task importada por csv 
task csv, task importada por csv 
task csv, task importada por csv 
task csv, task importada por csv 
task csv, task importada por csv 
task csv, task importada por csv 
task csv, task importada por csv 
task csv, task importada por csv 
task csv, task importada por csv 
task csv, task importada por csv 
task csv, task importada por csv 
task csv, task importada por csv 
task csv, task importada por csv 
task csv, task importada por csv 
task csv, task importada por csv 
task csv, task importada por csv 
task csv, task importada por csv 
task csv, task importada por csv 
task csv, task importada por csv 
task csv, task importada por csv 
task csv, task importada por csv 
task csv, task importada por csv 
task csv, task importada por csv 
task csv, task importada por csv 
task csv, task importada por csv 
task csv, task importada por csv 
task csv, task importada por csv 
task csv, task importada por csv 
task csv, task importada por csv 
task csv, task importada por csv 
task csv, task importada por csv 
task csv, task importada por csv 
task csv, task importada por csv 
task csv, task importada por csv 
task csv, task importada por csv 
task csv, task importada por csv 
task csv, task importada por csv 
task csv, task importada por csv 
task csv, task importada por csv 
task csv, task importada por csv 
task csv, task importada por csv 
task csv, task importada por csv 
task csv, task importada por csv 
task csv, task importada por csv 
task csv, task importada por csv 
task csv, task importada por csv 
task csv, task importada por csv 
task csv, task importada por csv 
task csv, task importada por csv 
task csv, task importada por csv 
task csv, task importada por csv 
task csv, task importada por csv 
task csv, task importada por csv 
task csv, task importada por csv 
task csv, task importada por csv 
task csv, task importada por csv 
task csv, task importada por csv 
task csv, task importada por csv 
task csv, task importada por csv 
task csv, task importada por csv 
task csv, task importada por csv 
task csv, task importada por csv 
task csv, task importada por csv 
task csv, task importada por csv 
task csv, task importada por csv 
task csv, task importada por csv 
task csv, task importada por csv 
task csv, task importada por csv 
task csv, task importada por csv 
task csv, task importada por csv 
task csv, task importada por csv 
task csv, task importada por csv 
task csv, task importada por csv 
task csv, task importada por csv 
task csv, task importada por csv 
task csv, task importada por csv 
task csv, task importada por csv 
task csv, task importada por csv 
task csv, task importada por csv 
task csv, task importada por csv 
task csv, task importada por csv 
task csv, task importada por csv 
task csv, task importada por csv 
task csv, task importada por csv 
task csv, task importada por csv 
task csv, task importada por csv 
task csv, task importada por csv 
task csv, task importada por csv 
task csv, task importada por csv 
task csv, task importada por csv 
task csv, task importada por csv 
task csv, task importada por csv 
task csv, task importada por csv 
task csv, task importada por csv 
task csv, task importada por csv 
task csv, task importada por csv 
task csv, task importada por csv 
task csv, task importada por csv 
task csv, task importada por csv 
task csv, task importada por csv 
task csv, task importada por csv 
task csv, task importada por csv 
task csv, task importada por csv 
task csv, task importada por csv 
task csv, task importada por csv 
task csv, task importada por csv 
task csv, task importada por csv 
task csv, task importada por csv 
task csv, task importada por csv 
task csv, task importada por csv 
task csv, task importada por csv 
task csv, task importada por csv 
task csv, task importada por csv 
task csv, task importada por csv 
task csv, task importada por csv 
task csv, task importada por csv 
task csv, task importada por csv 
task csv, task importada por csv 
task csv, task importada por csv 
task csv, task importada por csv 
task csv, task importada por csv 
task csv, task importada por csv 
task csv, task importada por csv 
task csv, task importada por csv 
task csv, task importada por csv 
task csv, task importada por csv 
task csv, task importada por csv 
task csv, task importada por csv 
task csv, task importada por csv 
task csv, task importada por csv 
task csv, task importada por csv 
task csv, task importada por csv 
task csv, task importada por csv 
task csv, task importada por csv 
task csv, task importada por csv 
task csv, task importada por csv 
task csv, task importada por csv 
task csv, task importada por csv 
task csv, task importada por csv 
task csv, task importada por csv 
task csv, task importada por csv 
task csv, task importada por csv 
task csv, task importada por csv 
task csv, task importada por csv 
task csv, task importada por csv 
task csv, task importada por csv 
task csv, task importada por csv 
task csv, task importada por csv 
task csv, task importada por csv 
task csv, task importada por csv 
task csv, task importada por csv 
task csv, task importada por csv 
task csv, task importada por csv 
task csv, task importada por csv 
task csv, task importada por csv 
task csv, task importada por csv 
task csv, task importada por csv 
task csv, task importada por csv 
task csv, task importada por csv 
task csv, task importada por csv 
task csv, task importada por csv 
task csv, task importada por csv 
task csv, task importada por csv 
task csv, task importada por csv 
task csv, task importada por csv 
task csv, task importada por csv 
task csv, task importada por csv 
task csv, task importada por csv 
task csv, task importada por csv 
task csv, task importada por csv 
task csv, task importada por csv 
task csv, task importada por csv 
task csv, task importada por csv 
task csv, task importada por csv 
task csv, task importada por csv 
task csv, task importada por csv 
task csv, task importada por csv 
task csv, task importada por csv 
task csv, task importada por csv 
task csv, task importada por csv 
task csv, task importada por csv 
task csv, task importada por csv 
task csv, task importada por csv 
task csv, task importada por csv 
task csv, task importada por csv 
task csv, task importada por csv 
task csv, task importada por csv 
task csv, task importada por csv 
task csv, task importada por csv 
task csv, task importada por csv 
task csv, task importada por csv 
task csv, task importada por csv 
task csv, task importada por csv 
task csv, task importada por csv 
task csv, task importada por csv 
task csv, task importada por csv 
task csv, task importada por csv 
task csv, task importada por csv 
task csv, task importada por csv 
task csv, task importada por csv 
task csv, task importada por csv 
task csv, task importada por csv 
task csv, task importada por csv 
task csv, task importada por csv 
task csv, task importada por csv 
task csv, task importada por csv 
task csv, task importada por csv 
task csv, task importada por csv 
task csv, task importada por csv 
task csv, task importada por csv 
task csv, task importada por csv 
task csv, task importada por csv 
task csv, task importada por csv 
task csv, task importada por csv 
task csv, task importada por csv 
task csv, task importada por csv 
task csv, task importada por csv 
task csv, task importada por csv 
task csv, task importada por csv 
task csv, task importada por csv 
task csv, task importada por csv 
task csv, task importada por csv 
task csv, task importada por csv 
task csv, task importada por csv 
task csv, task importada por csv 
task csv, task importada por csv 
task csv, task importada por csv 
task csv, task importada por csv 
task csv, task importada por csv 
task csv, task importada por csv 
task csv, task importada por csv 
task csv, task importada por csv 
task csv, task importada por csv 
task csv, task importada por csv 
task csv, task importada por csv 
task csv, task importada por csv 
task csv, task importada por csv 
task csv, task importada por csv 
task csv, task importada por csv 
task csv, task importada por csv 
task csv, task importada por csv 
task csv, task importada por csv 
task csv, task importada por csv 
task csv, task importada por csv 
task csv, task importada por csv 
task csv, task importada por csv 
task csv, task importada por csv 
task csv, task importada por csv 
task csv, task importada por csv 
task csv, task importada por csv 
task csv, task importada por csv 
task csv, task importada por csv 
task csv, task importada por csv 
task csv, task importada por csv 
task csv, task importada por csv 
task csv, task importada por csv 
task csv, task importada por csv 
task csv, task importada por csv 
task csv, task importada por csv 
task csv, task importada por csv 
task csv, task importada por csv 
task csv, task importada por csv 
task csv, task importada por csv 
task csv, task importada por csv 
task csv, task importada por csv 
task csv, task importada por csv 
task csv, task importada por csv 
task csv, task importada por csv 
task csv, task importada por csv 
task csv, task importada por csv 
task csv, task importada por csv 
task csv, task importada por csv 
task csv, task importada por csv 
task csv, task importada por csv 
task csv, task importada por csv 
task csv, task importada por csv 
task csv, task importada por csv 
task csv, task importada por csv 
task csv, task importada por csv 
task csv, task importada por csv 
task csv, task importada por csv 
task csv, task importada por csv 
task csv, task importada por csv 
task csv, task importada por csv 
task csv, task importada por csv 
task csv, task importada por csv 
task csv, task importada por csv 
task csv, task importada por csv 
task csv, task importada por csv 
task csv, task importada por csv 
task csv, task importada por csv 
task csv, task importada por csv 
task csv, task importada por csv 
task csv, task importada por csv 
task csv, task importada por csv 
task csv, task importada por csv 
task csv, task importada por csv 
task csv, task importada por csv 
task csv, task importada por csv 
task csv, task importada por csv 
task csv, task importada por csv 
task csv, task importada por csv 
task csv, task importada por csv 
task csv, task importada por csv 
task csv, task importada por csv 
task csv, task importada por csv 
task csv, task importada por csv 
task csv, task importada por csv 
task csv, task importada por csv 
task csv, task importada por csv 
task csv, task importada por csv 
task csv, task importada por csv 
task csv, task importada por csv 
task csv, task importada por csv 
task csv, task importada por csv 
task csv, task importada por csv 
task csv, task importada por csv 
task csv, task importada por csv 
task csv, task importada por csv 
task csv, task importada por csv 
task csv, task importada por csv 
task csv, task importada por csv 
task csv, task importada por csv 
task csv, task importada por csv 
task csv, task importada por csv 
task csv, task importada por csv 
task csv, task importada por csv 
task csv, task importada por csv 
task csv, task importada por csv 
task csv, task importada por csv 
task csv, task importada por csv 
task csv, task importada por csv 
task csv, task importada por csv 
task csv, task importada por csv 
task csv, task importada por csv 
task csv, task importada por csv 
task csv, task importada por csv 
task csv, task importada por csv 
task csv, task importada por csv 
task csv, task importada por csv 
task csv, task importada por csv 
task csv, task importada por csv 
task csv, task importada por csv 
task csv, task importada por csv 
task csv, task importada por csv 
task csv, task importada por csv 
task csv, task importada por csv 
task csv, task importada por csv 
task csv, task importada por csv 
task csv, task importada por csv 
task csv, task importada por csv 
task csv, task importada por csv 
task csv, task importada por csv 
task csv, task importada por csv 
task csv, task importada por csv 
task csv, task importada por csv 
task csv, task importada por csv 
task csv, task importada por csv 
task csv, task importada por csv 
task csv, task importada por csv 
task csv, task importada por csv 
task csv, task importada por csv 
task csv, task importada por csv 
task csv, task importada por csv 
task csv, task importada por csv 
task csv, task importada por csv 
task csv, task importada por csv 
task csv, task importada por csv 
task csv, task importada por csv 
task csv, task importada por csv 
task csv, task importada por csv 
task csv, task importada por csv 
task csv, task importada por csv 
task csv, task importada por csv 
task csv, task importada por csv 
task csv, task importada por csv 
task csv, task importada por csv 
task csv, task importada por csv 
task csv, task importada por csv 
task csv, task importada por csv 
task csv, task importada por csv 
task csv, task importada por csv 
task csv, task importada por csv 
task csv, task importada por csv 
task csv, task importada por csv 
task csv, task importada por csv 
task csv, task importada por csv 
task csv, task importada por csv 
task csv, task importada por csv 
task csv, task importada por csv 
task csv, task importada por csv 
task csv, task importada por csv 
task csv, task importada por csv 
task csv, task importada por csv 
task csv, task importada por csv 
task csv, task importada por csv 
task csv, task importada por csv 
task csv, task importada por csv 
task csv, task importada por csv 
task csv, task importada por csv 
task csv, task importada por csv 
task csv, task importada por csv 
task csv, task importada por csv 
task csv, task importada por csv 
task csv, task importada por csv 
task csv, task importada por csv 
task csv, task importada por csv 
task csv, task importada por csv 
task csv, task importada por csv 
task csv, task importada por csv 
task csv, task importada por csv 
task csv, task importada por csv 
task csv, task importada por csv 
task csv, task importada por csv 
task csv, task importada por csv 
task csv, task importada por csv 
task csv, task importada por csv 
task csv, task importada por csv 
task csv, task importada por csv 
task csv, task importada por csv 
task csv, task importada por csv 
task csv, task importada por csv 
task csv, task importada por csv 
task csv, task importada por csv 
task csv, task importada por csv 
task csv, task importada por csv 
task csv, task importada por csv 
task csv, task importada por csv 
task csv, task importada por csv 
task csv, task importada por csv 
task csv, task importada por csv 
task csv, task importada por csv 
task csv, task importada por csv 
task csv, task importada por csv 
task csv, task importada por csv 
task csv, task importada por csv 
task csv, task importada por csv 
task csv, task importada por csv 
task csv, task importada por csv 
task csv, task importada por csv 
task csv, task importada por csv 
task csv, task importada por csv 
task csv, task importada por csv 
task csv, task importada por csv 
task csv, task importada por csv 
task csv, task importada por csv 
task csv, task importada por csv 
task csv, task importada por csv 
task csv, task importada por csv 
task csv, task importada por csv 
task csv, task importada por csv 
task csv, task importada por csv 
